gene,coef,description
C7orf46,-0.0489334851514975,NA
MGC12982,0.0687293046086814,NA
TNFSF12,-0.0453709593719963,TNF superfamily member 12 [Source:HGNC Symbol;Acc:HGNC:11927]
