gene,coef,description
C1orf59,-0.23575346255397,NA
C7orf46,-0.174873886273889,NA
LOC115110,0.251558483003668,NA
TNFSF12,-0.306420604705273,TNF superfamily member 12 [Source:HGNC Symbol;Acc:HGNC:11927]
ZNF518B,-0.253079619050464,zinc finger protein 518B [Source:HGNC Symbol;Acc:HGNC:29365]
